,S,R,G,E,A,N
0,31,AF121240,PreS1,missense_variant,p.Leu67Pro,c.16C>T
1,46,AB033554,PreS1,missense_variant,p.His96Ile,c.97A>G
2,96,AB033554,PreCore,intragenic_variant,p.Ala73Met,c.85T>C
3,17,AB033554,PreS2,intragenic_variant,p.Lys31Glx,c.27C>T
4,95,AB033556,HBsAg,intragenic_variant,p.Gln55Val,c.83C>T
5,60,AB033554,PreS2,missense_variant,p.Lys49Arg,c.13C>T
6,7,AF121240,HBsAg,missense_variant,p.Lys38Val,c.83T>C
7,45,AF090842,X,missense_variant,p.Thr67Asn,c.97T>C
8,6,AB032431,PreCore,missense_variant,p.Asx90Phe,c.65T>C
9,71,AF121240,HBsAg,missense_variant,p.Tyr31Glu,c.50C>T
10,76,AF121240,PreS2,intragenic_variant,p.Asx65Thr,c.86A>G
11,84,AB033554,RT,intragenic_variant,p.Ser31Phe,c.1C>T
12,88,AB033554,PreCore,missense_variant,p.Asx24Val,c.53T>C
13,49,AB033556,PreCore,intragenic_variant,p.Glu16Met,c.10C>T
14,65,AF090842,PreCore,missense_variant,p.Tyr45Ser,c.96G>A
15,79,AB033554,RT,missense_variant,p.Pro40Val,c.49T>C
16,34,AF121240,Polymerase,missense_variant,p.Phe40Tyr,c.60G>A
17,62,AF121240,X,intragenic_variant,p.Glx58Pro,c.29C>T
18,47,AB032431,RT,intragenic_variant,p.Ser76Ala,c.94A>G
19,65,AF121240,HBsAg,missense_variant,p.Pro88Tyr,c.18G>A
20,86,AF121240,Polymerase,missense_variant,p.Ile77Leu,c.94T>C
21,4,AF090842,HBsAg,missense_variant,p.Val45Asx,c.25T>C
22,30,AB033556,X,missense_variant,p.Gly67Leu,c.7T>C
23,15,AB033556,HBsAg,intragenic_variant,p.Trp44Pro,c.6C>T
24,84,AB032431,RT,intragenic_variant,p.Lys74Gly,c.7A>G
25,71,AF090842,RT,intragenic_variant,p.Ser24Gln,c.52T>C
26,90,AB033554,Polymerase,intragenic_variant,p.Tyr69Asx,c.36G>A
27,87,AB032431,Polymerase,missense_variant,p.Pro5Cys,c.7T>C
28,20,AB032431,Polymerase,intragenic_variant,p.Asp21Asp,c.19C>T
29,59,AB032431,Core,intragenic_variant,p.Pro53Asx,c.95T>C
30,93,AF121240,HBsAg,intragenic_variant,p.Asp57Asp,c.70G>A
31,49,AF090842,PreS1,intragenic_variant,p.Trp14Arg,c.18G>A
32,45,AB032431,HBsAg,intragenic_variant,p.Phe34Glx,c.9G>A
33,29,AF121240,Core,missense_variant,p.Gln8Trp,c.16G>A
34,49,AB032431,HBsAg,intragenic_variant,p.Asp98Val,c.23T>C
35,75,AB032431,PreCore,missense_variant,p.Thr92Pro,c.63A>G
36,42,AB032431,Polymerase,missense_variant,p.Glx89Val,c.54C>T
37,56,AB033554,PreS1,intragenic_variant,p.Cys30Ser,c.73G>A
38,43,AB033556,X,intragenic_variant,p.Asx94His,c.24T>C
39,10,AF121240,HBsAg,intragenic_variant,p.Phe30Leu,c.66C>T
40,62,AF121240,PreS2,missense_variant,p.Cys65Cys,c.85T>C
41,93,AB033554,RT,missense_variant,p.Gln38Ile,c.49A>G
42,42,AB033554,X,intragenic_variant,p.Thr52Ser,c.78A>G
43,53,AB032431,PreS2,missense_variant,p.Ala12Val,c.94T>C
44,26,AF090842,RT,missense_variant,p.Phe14Cys,c.92C>T
45,9,AB032431,HBsAg,intragenic_variant,p.Ser62Ile,c.99A>G
46,10,AB033556,PreCore,missense_variant,p.Thr26Trp,c.64G>A
47,33,AB033556,HBsAg,intragenic_variant,p.Arg64Pro,c.72C>T
48,41,AF090842,PreS1,missense_variant,p.Glu7Arg,c.95G>A
49,94,AF121240,RT,missense_variant,p.Glx68Thr,c.53C>T
50,76,AF121240,PreCore,intragenic_variant,p.Cys78Ala,c.74A>G
51,51,AB032431,Core,intragenic_variant,p.Met86Thr,c.95G>A
52,50,AB032431,PreS1,intragenic_variant,p.Leu76Tyr,c.85A>G
53,42,AF090842,HBsAg,intragenic_variant,p.His25Arg,c.69G>A
54,24,AF121240,RT,intragenic_variant,p.Ala12Ala,c.35A>G
55,87,AB032431,HBsAg,intragenic_variant,p.Thr80Asx,c.44G>A
56,1,AF090842,X,intragenic_variant,p.Thr82His,c.66A>G
57,78,AF090842,HBsAg,intragenic_variant,p.Trp68Ile,c.70T>C
58,37,AF121240,PreS1,intragenic_variant,p.Ser54Gln,c.28A>G
59,15,AF090842,Polymerase,missense_variant,p.Glx2Ser,c.74C>T
60,55,AF090842,HBsAg,intragenic_variant,p.Tyr63Gln,c.86A>G
61,10,AB033556,Core,intragenic_variant,p.Met48Asn,c.14A>G
62,83,AF121240,Core,intragenic_variant,p.Arg6Val,c.47C>T
63,94,AB032431,HBsAg,missense_variant,p.Asn92Val,c.91C>T
64,90,AB033554,PreCore,intragenic_variant,p.Ala86Gly,c.17A>G
65,8,AF121240,HBsAg,missense_variant,p.Asn9Val,c.75T>C
66,87,AB033554,Core,intragenic_variant,p.His73Ile,c.59C>T
67,76,AF121240,PreS1,missense_variant,p.Val94Asn,c.42T>C
68,42,AF090842,Core,missense_variant,p.Lys30Glu,c.37G>A
69,60,AB033554,PreCore,missense_variant,p.Ala92Arg,c.82C>T
70,46,AB033554,HBsAg,intragenic_variant,p.Gln6Glx,c.91A>G
71,7,AF121240,X,missense_variant,p.Trp97Arg,c.27C>T
72,75,AB033554,PreS2,intragenic_variant,p.Ser1Met,c.5C>T
73,90,AB033556,PreS1,intragenic_variant,p.Gly64Ser,c.51G>A
74,34,AF090842,RT,intragenic_variant,p.Asp45Met,c.91T>C
75,76,AF121240,HBsAg,intragenic_variant,p.Thr26Ile,c.36A>G
76,2,AF121240,Polymerase,missense_variant,p.Val83Tyr,c.5A>G
77,17,AB033554,PreS2,intragenic_variant,p.Trp73Thr,c.97T>C
78,79,AB033554,Polymerase,missense_variant,p.His47Pro,c.6G>A
79,31,AB033556,Core,missense_variant,p.Ile80Asx,c.43G>A
80,30,AB033556,X,intragenic_variant,p.Leu97Met,c.81T>C
81,34,AB033554,PreS1,intragenic_variant,p.Lys82Trp,c.42G>A
82,83,AB033554,PreS2,missense_variant,p.Val21Trp,c.8T>C
83,17,AF121240,RT,missense_variant,p.Val34Tyr,c.88C>T
84,85,AF121240,PreCore,missense_variant,p.Arg10Tyr,c.95C>T
85,72,AF121240,Polymerase,missense_variant,p.Val65Gly,c.2T>C
86,78,AB033554,HBsAg,missense_variant,p.Met77Pro,c.55A>G
87,8,AB032431,RT,missense_variant,p.Met71Glu,c.97C>T
88,74,AF090842,Polymerase,missense_variant,p.Tyr29Tyr,c.91T>C
89,43,AB032431,HBsAg,intragenic_variant,p.Asp58His,c.22C>T
90,98,AB033554,Core,missense_variant,p.Asp17His,c.89G>A
91,4,AF090842,RT,intragenic_variant,p.His83Gly,c.7A>G
92,83,AF121240,Core,intragenic_variant,p.Gln32Asx,c.29T>C
93,26,AB032431,PreS2,intragenic_variant,p.Met42Glx,c.41A>G
94,94,AF090842,Core,missense_variant,p.His60Ile,c.33C>T
95,47,AB033554,PreS2,missense_variant,p.Val58Ile,c.41C>T
96,31,AF121240,X,intragenic_variant,p.Met52Met,c.49C>T
97,63,AB033554,HBsAg,missense_variant,p.Arg54Lys,c.37T>C
98,9,AF121240,PreS1,intragenic_variant,p.Tyr6His,c.48G>A
99,85,AB033554,PreS1,missense_variant,p.Asx27Ser,c.71A>G
100,35,AB033556,PreS2,missense_variant,p.Glu0Ile,c.66G>A
101,1,AB033554,HBsAg,missense_variant,p.Tyr66Glu,c.55C>T
102,85,AB032431,PreS1,missense_variant,p.Cys55Glu,c.61G>A
103,7,AB033554,PreS2,missense_variant,p.Asp50Asn,c.10C>T
104,15,AF090842,Polymerase,missense_variant,p.Val52Cys,c.27C>T
105,13,AF121240,HBsAg,missense_variant,p.Phe35Lys,c.58C>T
106,79,AB032431,HBsAg,missense_variant,p.Ser4Trp,c.55A>G
107,61,AF090842,Core,intragenic_variant,p.Glu80Leu,c.27C>T
108,8,AF121240,PreS2,intragenic_variant,p.Lys12Thr,c.65A>G
109,78,AF090842,PreCore,missense_variant,p.Ser60Trp,c.14T>C
110,91,AB032431,Core,missense_variant,p.Leu4Ala,c.58T>C
111,8,AB033556,HBsAg,intragenic_variant,p.Ser71Trp,c.4C>T
112,25,AF090842,PreS1,missense_variant,p.Ala68Leu,c.3C>T
113,93,AF090842,HBsAg,intragenic_variant,p.Phe82Lys,c.8T>C
114,69,AF121240,PreCore,intragenic_variant,p.Phe19Thr,c.70T>C
115,12,AB032431,HBsAg,missense_variant,p.Phe60Trp,c.16G>A
116,40,AF090842,Core,missense_variant,p.Phe86Thr,c.20T>C
117,18,AB033554,PreS1,intragenic_variant,p.Ser19Tyr,c.23T>C
118,45,AB033556,PreS2,intragenic_variant,p.Tyr14Cys,c.22G>A
119,19,AB033556,PreCore,intragenic_variant,p.Gly95Cys,c.68A>G
120,10,AF121240,PreCore,intragenic_variant,p.Asp37Phe,c.89T>C
121,32,AB033556,PreS1,missense_variant,p.Val30Arg,c.54A>G
122,20,AB033556,PreS2,missense_variant,p.Glu51Lys,c.81C>T
123,41,AF090842,RT,missense_variant,p.Glx66His,c.74C>T
124,44,AB033556,HBsAg,intragenic_variant,p.Thr52Glx,c.50T>C
125,43,AF090842,PreS2,intragenic_variant,p.Ala13Ser,c.62T>C
126,57,AB033556,PreS1,missense_variant,p.Cys58Lys,c.99C>T
127,2,AF121240,HBsAg,missense_variant,p.Gln19Thr,c.91C>T
128,94,AF121240,PreCore,intragenic_variant,p.Val42Met,c.40G>A
129,45,AF090842,PreS2,missense_variant,p.Val22Met,c.29C>T
130,93,AF090842,RT,intragenic_variant,p.Cys71Arg,c.55G>A
131,15,AB033556,PreS1,intragenic_variant,p.Tyr45Lys,c.1G>A
132,84,AB033556,Core,missense_variant,p.Glu92Cys,c.51A>G
133,59,AB033556,Polymerase,intragenic_variant,p.Ser40Glu,c.72T>C
134,49,AF090842,X,intragenic_variant,p.Glx22Gly,c.10G>A
135,4,AF090842,PreS1,intragenic_variant,p.Gly65Val,c.61C>T
136,46,AF090842,PreCore,missense_variant,p.Glx19Pro,c.39A>G
137,28,AB033556,PreS1,missense_variant,p.Arg28His,c.91A>G
138,85,AF121240,Core,missense_variant,p.Glu66Lys,c.34G>A
139,44,AF121240,PreS2,intragenic_variant,p.Leu60His,c.26T>C
140,41,AB033556,PreS1,missense_variant,p.Lys88Ser,c.64A>G
141,21,AF090842,HBsAg,missense_variant,p.Leu44Arg,c.9A>G
142,50,AB032431,Polymerase,missense_variant,p.Ser41Ala,c.3G>A
143,51,AF090842,Core,intragenic_variant,p.Tyr10Arg,c.68G>A
144,39,AF121240,RT,missense_variant,p.Tyr67Pro,c.14T>C
145,73,AB032431,PreS2,intragenic_variant,p.Trp30Ser,c.12T>C
146,69,AF090842,HBsAg,missense_variant,p.Met21Glu,c.39T>C
147,6,AB032431,Core,intragenic_variant,p.Asp83Gly,c.5T>C
148,5,AB033556,PreS2,intragenic_variant,p.Cys92Pro,c.14C>T
149,63,AB033556,RT,intragenic_variant,p.Gly61Pro,c.90A>G
150,57,AF090842,PreS1,intragenic_variant,p.Asn78Ile,c.46C>T
151,40,AB032431,X,intragenic_variant,p.Trp16Glu,c.0T>C
152,72,AB032431,Polymerase,missense_variant,p.His11Glu,c.25C>T
153,33,AF121240,Core,missense_variant,p.Val82Gly,c.45T>C
154,9,AB032431,Core,missense_variant,p.Ile12Tyr,c.16C>T
155,35,AF121240,PreCore,missense_variant,p.Arg79Met,c.61A>G
156,38,AB033554,X,intragenic_variant,p.Asp90Cys,c.8G>A
157,65,AB033556,PreS1,missense_variant,p.Asp89Trp,c.88C>T
158,80,AB033554,PreS2,intragenic_variant,p.Arg61Arg,c.57T>C
159,13,AF090842,X,intragenic_variant,p.Asn43Ser,c.69G>A
160,53,AF121240,RT,missense_variant,p.Arg36Ala,c.5A>G
161,40,AF121240,X,intragenic_variant,p.Asn65Phe,c.25C>T
162,41,AB032431,RT,intragenic_variant,p.Asn13Gly,c.20T>C
163,91,AF121240,Polymerase,intragenic_variant,p.Thr86Pro,c.31A>G
164,26,AF090842,RT,missense_variant,p.Glx20Leu,c.41T>C
165,92,AB033554,HBsAg,intragenic_variant,p.Met94Asx,c.34T>C
166,74,AB032431,X,missense_variant,p.Met62Asn,c.87G>A
167,54,AB032431,HBsAg,missense_variant,p.Trp89Trp,c.18G>A
168,22,AF090842,PreS1,intragenic_variant,p.Ser26Trp,c.76T>C
169,26,AF090842,X,intragenic_variant,p.Leu19Gln,c.13C>T
170,93,AB033554,PreCore,missense_variant,p.Arg39Trp,c.17G>A
171,70,AF121240,RT,intragenic_variant,p.His15Val,c.82A>G
172,13,AB033556,PreCore,missense_variant,p.Trp16Trp,c.50C>T
173,11,AB033556,HBsAg,missense_variant,p.Leu96Thr,c.40C>T
174,79,AF090842,RT,missense_variant,p.Tyr96Trp,c.85T>C
175,15,AF121240,Polymerase,intragenic_variant,p.Ala86Phe,c.54A>G
176,50,AB033556,RT,missense_variant,p.Val34Ile,c.17C>T
177,57,AB033554,PreS2,missense_variant,p.Lys28Pro,c.67T>C
178,48,AF090842,PreCore,missense_variant,p.Pro63His,c.53T>C
179,29,AF090842,PreS1,missense_variant,p.Arg9Ala,c.58A>G
180,41,AB032431,Polymerase,intragenic_variant,p.His70Met,c.12G>A
181,94,AB033556,PreS2,intragenic_variant,p.Arg76His,c.81G>A
182,5,AF090842,Core,intragenic_variant,p.Arg66Glu,c.44T>C
183,56,AB032431,HBsAg,missense_variant,p.Asp80Phe,c.17G>A
184,16,AF090842,Core,missense_variant,p.Val76Lys,c.29A>G
185,13,AB033556,X,intragenic_variant,p.Lys95Tyr,c.56T>C
186,92,AB032431,PreS1,missense_variant,p.Glx86Ile,c.58G>A
187,97,AF121240,RT,intragenic_variant,p.Gly80His,c.60G>A
188,84,AF090842,PreCore,missense_variant,p.Gln38Trp,c.86T>C
189,10,AB032431,PreS1,intragenic_variant,p.Met76Trp,c.78G>A
190,55,AB033554,RT,missense_variant,p.Lys43Cys,c.98G>A
191,64,AF121240,PreS1,missense_variant,p.Arg27Glu,c.88T>C
192,1,AB033556,PreCore,missense_variant,p.Asp86Cys,c.46C>T
193,41,AB032431,RT,missense_variant,p.Asp31Ala,c.18T>C
194,73,AB033554,Polymerase,intragenic_variant,p.His61Phe,c.18T>C
195,98,AB033556,Polymerase,intragenic_variant,p.Arg1Asp,c.94A>G
196,92,AB033554,Polymerase,missense_variant,p.Pro63Asn,c.87A>G
197,62,AF090842,Polymerase,missense_variant,p.Cys6Phe,c.67A>G
198,34,AB032431,HBsAg,intragenic_variant,p.His28Glu,c.94T>C
199,21,AF121240,PreS1,intragenic_variant,p.Val34Asn,c.88G>A
200,14,AF121240,X,intragenic_variant,p.Leu79Val,c.97T>C
201,62,AB033554,PreCore,missense_variant,p.Gln65Ile,c.32G>A
202,8,AB033556,Polymerase,intragenic_variant,p.Arg7Glx,c.12C>T
203,87,AB033556,PreCore,missense_variant,p.Trp55Lys,c.71A>G
204,46,AB032431,PreS1,missense_variant,p.His49Thr,c.35G>A
205,77,AF121240,Core,missense_variant,p.Pro47Glu,c.43A>G
206,43,AB033556,RT,missense_variant,p.Trp77Thr,c.39A>G
207,5,AF090842,Core,intragenic_variant,p.Tyr78Tyr,c.58C>T
208,99,AF121240,PreCore,intragenic_variant,p.Thr48Leu,c.13G>A
209,57,AF121240,Polymerase,missense_variant,p.Thr99Asp,c.78T>C
210,79,AF121240,PreS2,intragenic_variant,p.Met43Thr,c.60T>C
211,51,AF121240,PreS2,intragenic_variant,p.Ala22Cys,c.91G>A
212,92,AB032431,RT,intragenic_variant,p.Ala64Ile,c.9A>G
213,53,AF121240,PreS2,missense_variant,p.Lys27Phe,c.16A>G
214,4,AB033554,PreS2,missense_variant,p.His65Arg,c.86T>C
215,66,AB033554,Core,intragenic_variant,p.Phe53His,c.23C>T
216,55,AF090842,PreS1,missense_variant,p.Glu65Thr,c.0A>G
217,42,AB033554,RT,intragenic_variant,p.Cys86His,c.58A>G
218,68,AF121240,PreS1,intragenic_variant,p.Cys16Ser,c.57G>A
219,80,AF121240,Core,missense_variant,p.Ala34Gln,c.80G>A
220,54,AF090842,PreS2,intragenic_variant,p.Met85Gly,c.89C>T
221,17,AB032431,RT,missense_variant,p.Gly7Ala,c.92A>G
222,39,AF090842,HBsAg,intragenic_variant,p.Gln61Pro,c.94G>A
223,12,AB033556,PreS1,missense_variant,p.Ala41Lys,c.5A>G
224,63,AB033556,PreS2,intragenic_variant,p.Asx82Ser,c.12T>C
225,12,AB032431,PreCore,missense_variant,p.Gly68Thr,c.35C>T
226,78,AB033556,PreCore,intragenic_variant,p.Arg32Thr,c.30A>G
227,27,AF121240,PreS1,missense_variant,p.Leu99Phe,c.23C>T
228,96,AB033554,HBsAg,missense_variant,p.Phe60Val,c.60G>A
229,85,AF090842,PreCore,intragenic_variant,p.Ile78Asx,c.23C>T
230,69,AF090842,PreCore,intragenic_variant,p.Asn37Asx,c.40C>T
231,41,AF121240,PreS2,missense_variant,p.Ala99Asp,c.27T>C
232,7,AF090842,RT,intragenic_variant,p.Val10Thr,c.25C>T
233,3,AB033554,HBsAg,intragenic_variant,p.Cys98Met,c.29A>G
234,46,AF090842,PreS1,intragenic_variant,p.Glu98Gln,c.84C>T
235,93,AF121240,RT,missense_variant,p.Gln25Ala,c.21G>A
236,10,AF121240,Polymerase,missense_variant,p.Thr56Met,c.90T>C
237,47,AF121240,Polymerase,intragenic_variant,p.Glx99His,c.51A>G
238,36,AF121240,X,missense_variant,p.Phe15Ile,c.32C>T
239,51,AB032431,HBsAg,missense_variant,p.Phe67Val,c.84T>C
240,45,AF121240,PreCore,intragenic_variant,p.Gly35Gly,c.11C>T
241,77,AF121240,Polymerase,missense_variant,p.Tyr95Ser,c.59T>C
242,17,AB033554,Core,missense_variant,p.Arg20Met,c.99A>G
243,68,AB032431,PreS2,intragenic_variant,p.Asn50Glx,c.44C>T
244,44,AF121240,X,intragenic_variant,p.Asp1Met,c.95A>G
245,46,AB033554,PreS1,missense_variant,p.Glx95Ser,c.39C>T
246,42,AF090842,HBsAg,missense_variant,p.Ile41Glx,c.97A>G
247,58,AB033556,PreS1,missense_variant,p.Lys1Phe,c.1G>A
248,91,AF090842,PreS2,intragenic_variant,p.Asx76Val,c.72A>G
249,19,AB032431,PreCore,missense_variant,p.Asn14Thr,c.67A>G
250,22,AF090842,Polymerase,intragenic_variant,p.Asx46Gly,c.25G>A
251,2,AF121240,RT,intragenic_variant,p.Gln61Val,c.74A>G
252,48,AB032431,PreCore,missense_variant,p.Met8Ala,c.0A>G
253,26,AF121240,PreS1,missense_variant,p.Gln77Pro,c.64T>C
254,60,AB032431,RT,missense_variant,p.Lys64Met,c.17C>T
255,26,AF121240,RT,intragenic_variant,p.Cys66Ala,c.69G>A
256,40,AF090842,PreS2,intragenic_variant,p.Glx82Trp,c.53C>T
257,18,AB032431,PreCore,missense_variant,p.Trp86Glx,c.9C>T
258,43,AB033556,RT,missense_variant,p.Thr19Gly,c.57C>T
259,27,AB032431,Core,missense_variant,p.Ser57Thr,c.99G>A
260,49,AF090842,PreS1,intragenic_variant,p.Met24Cys,c.57G>A
261,31,AF121240,X,intragenic_variant,p.Ser47His,c.40G>A
262,58,AB033556,Core,intragenic_variant,p.Glu93Lys,c.99G>A
263,47,AF121240,HBsAg,missense_variant,p.Glu22Gly,c.17C>T
264,25,AB033554,Polymerase,intragenic_variant,p.Ser71Gly,c.11T>C
265,45,AF121240,RT,intragenic_variant,p.Asp8Asx,c.73T>C
266,20,AB033554,PreCore,intragenic_variant,p.Glu12Asn,c.19T>C
267,24,AB032431,PreS2,missense_variant,p.Thr88Met,c.42T>C
268,40,AB033556,Core,intragenic_variant,p.Phe53Met,c.14C>T
269,80,AF121240,PreS1,intragenic_variant,p.Asp31Trp,c.70C>T
270,88,AF121240,HBsAg,missense_variant,p.Glx55Phe,c.54G>A
271,54,AB032431,X,intragenic_variant,p.Arg17Glx,c.21A>G
272,70,AB032431,HBsAg,intragenic_variant,p.Tyr27Glx,c.90C>T
273,2,AB032431,X,intragenic_variant,p.Lys59Asx,c.49T>C
274,29,AF121240,RT,intragenic_variant,p.Ala62Val,c.5G>A
275,46,AF090842,PreS1,intragenic_variant,p.Phe61Tyr,c.13C>T
276,79,AF090842,PreCore,intragenic_variant,p.Thr47Asn,c.9A>G
277,24,AB032431,Polymerase,intragenic_variant,p.Glx9Thr,c.65G>A
278,57,AF121240,PreS2,missense_variant,p.Asx1Glx,c.2G>A
279,79,AB033554,PreS2,intragenic_variant,p.Asn29Pro,c.88A>G
280,29,AB033554,Core,missense_variant,p.His27Arg,c.54C>T
281,14,AF090842,PreS1,intragenic_variant,p.Glx60Ser,c.64G>A
282,14,AF121240,Core,intragenic_variant,p.Ile32Ile,c.90G>A
283,61,AB032431,PreS2,missense_variant,p.Lys43Gly,c.73C>T
284,85,AB032431,Polymerase,missense_variant,p.Arg73Asp,c.65A>G
285,61,AB032431,PreS1,intragenic_variant,p.Tyr21Gly,c.38G>A
286,63,AB033556,Polymerase,missense_variant,p.Ile46Thr,c.37G>A
287,64,AB033556,RT,missense_variant,p.Lys41Val,c.31T>C
288,57,AB033554,HBsAg,intragenic_variant,p.Asn5Ala,c.94G>A
289,42,AF121240,Core,intragenic_variant,p.Glu37Gly,c.42C>T
290,32,AF121240,PreS2,missense_variant,p.Trp39Glx,c.3C>T
291,75,AB033554,PreS1,intragenic_variant,p.Leu37Lys,c.82A>G
292,31,AB033554,PreCore,intragenic_variant,p.Gly88Ala,c.24G>A
293,33,AF090842,PreS2,intragenic_variant,p.Asx84Glx,c.35A>G
294,97,AF121240,Polymerase,intragenic_variant,p.Asn9Val,c.16A>G
295,82,AF121240,Polymerase,missense_variant,p.Trp68Arg,c.75T>C
296,85,AB033554,Core,intragenic_variant,p.Gly43Ile,c.15T>C
297,97,AB033556,PreS1,intragenic_variant,p.Phe20Phe,c.29G>A
298,69,AB033556,Polymerase,missense_variant,p.Ser26Ile,c.95G>A
299,68,AB033554,Polymerase,intragenic_variant,p.Leu67Tyr,c.41A>G
300,21,AB033556,PreS1,intragenic_variant,p.Ala72Trp,c.91G>A
301,44,AB033556,PreS1,missense_variant,p.Thr83Asn,c.48G>A
302,44,AB033554,PreS1,missense_variant,p.Ala99Phe,c.43A>G
303,65,AF121240,Polymerase,missense_variant,p.Glx15Val,c.63G>A
304,52,AB033554,RT,intragenic_variant,p.Arg7Trp,c.81G>A
305,40,AF121240,PreS1,missense_variant,p.Gln20Ser,c.22G>A
306,25,AF090842,PreCore,intragenic_variant,p.Asp51Glx,c.71T>C
307,57,AF121240,X,missense_variant,p.Gly71Val,c.89T>C
308,87,AB032431,RT,missense_variant,p.Glu48Pro,c.25C>T
309,73,AB033554,PreS2,intragenic_variant,p.Gly64Asx,c.29T>C
310,38,AF121240,HBsAg,intragenic_variant,p.Glu81Glu,c.89C>T
311,39,AB033556,PreCore,intragenic_variant,p.Leu48Thr,c.79A>G
312,49,AB033556,PreCore,intragenic_variant,p.Phe62Cys,c.71A>G
313,55,AB033556,X,missense_variant,p.Ala6Lys,c.94C>T
314,95,AF090842,PreCore,missense_variant,p.Gly71Arg,c.68T>C
315,22,AB033554,Polymerase,missense_variant,p.Glx75Val,c.27T>C
316,42,AB032431,Polymerase,missense_variant,p.Ser80Pro,c.96C>T
317,25,AF090842,PreCore,missense_variant,p.Phe82Phe,c.6G>A
318,9,AB033556,PreCore,intragenic_variant,p.Leu22Met,c.11G>A
319,58,AB033556,RT,intragenic_variant,p.His31Ser,c.33G>A
320,89,AF121240,X,intragenic_variant,p.Ala60Glx,c.93A>G
321,48,AF090842,PreCore,missense_variant,p.His48Phe,c.86A>G
322,21,AF121240,PreS1,intragenic_variant,p.Cys13Glu,c.53G>A
323,8,AB033556,HBsAg,intragenic_variant,p.Phe49Cys,c.28G>A
324,30,AF090842,PreCore,missense_variant,p.Pro42Cys,c.47C>T
325,77,AB033556,PreS2,missense_variant,p.Arg94Glx,c.19C>T
326,95,AF090842,HBsAg,missense_variant,p.Asn37Gln,c.79G>A
327,94,AB032431,HBsAg,intragenic_variant,p.Glu5Leu,c.77G>A
328,30,AF090842,Core,intragenic_variant,p.Asn78Met,c.43T>C
329,23,AB032431,Core,intragenic_variant,p.Ile54Trp,c.98G>A
330,16,AF121240,Core,intragenic_variant,p.Glx87Ser,c.18A>G
331,2,AB033554,Polymerase,intragenic_variant,p.Asx19Pro,c.40G>A
332,81,AF090842,PreS2,intragenic_variant,p.Leu36Arg,c.82A>G
333,41,AB033554,PreS1,intragenic_variant,p.Trp66His,c.47C>T
334,96,AF090842,HBsAg,intragenic_variant,p.Trp51Asn,c.61T>C
335,4,AB033556,X,intragenic_variant,p.Pro68Gln,c.50T>C
336,6,AF121240,PreCore,missense_variant,p.Asx51Ser,c.58A>G
337,19,AB032431,Core,missense_variant,p.Ala63Ile,c.81T>C
338,58,AB033554,RT,intragenic_variant,p.Val79Met,c.88A>G
339,91,AB032431,X,intragenic_variant,p.Pro41Val,c.88T>C
340,16,AB033554,HBsAg,intragenic_variant,p.His13Glx,c.82G>A
341,63,AB032431,HBsAg,missense_variant,p.Glx29Tyr,c.44G>A
342,3,AB033554,PreCore,missense_variant,p.Glu93Cys,c.97A>G
343,20,AF090842,RT,intragenic_variant,p.Asp14Gln,c.83A>G
344,15,AF121240,PreS1,intragenic_variant,p.Lys43Ala,c.27G>A
345,56,AB033554,PreCore,missense_variant,p.Phe1Trp,c.58T>C
346,63,AB033556,X,missense_variant,p.Ile5Pro,c.62T>C
347,45,AF121240,X,intragenic_variant,p.Gly12His,c.5T>C
348,89,AF090842,Polymerase,missense_variant,p.Phe67Ser,c.59G>A
349,97,AB032431,HBsAg,missense_variant,p.Ser37Glu,c.29C>T
350,53,AB033554,Core,intragenic_variant,p.Lys48Pro,c.78T>C
351,66,AF121240,RT,intragenic_variant,p.Thr34Asp,c.41A>G
352,29,AB033554,X,intragenic_variant,p.Arg60Met,c.93T>C
353,43,AB032431,RT,missense_variant,p.Ser1Pro,c.40G>A
354,75,AF121240,Polymerase,missense_variant,p.Leu27Gln,c.38C>T
355,20,AB033554,HBsAg,missense_variant,p.Thr33Asx,c.34T>C
356,53,AF121240,RT,intragenic_variant,p.Ile18Met,c.95A>G
357,21,AF121240,Polymerase,intragenic_variant,p.Pro6Asx,c.68G>A
358,91,AB033554,Polymerase,intragenic_variant,p.Trp73Glu,c.56A>G
359,6,AF121240,X,intragenic_variant,p.Pro76Gln,c.21A>G
360,82,AB033556,PreCore,missense_variant,p.Gly85Thr,c.55G>A
361,97,AF121240,Polymerase,intragenic_variant,p.Gly53Leu,c.75A>G
362,51,AF121240,X,intragenic_variant,p.Asp63Glu,c.95T>C
363,85,AB033554,PreCore,intragenic_variant,p.Met20Ser,c.27A>G
364,31,AB033556,PreS1,missense_variant,p.Gln24Ile,c.74G>A
365,22,AF121240,HBsAg,intragenic_variant,p.Leu59Met,c.70T>C
366,77,AB033554,PreS2,intragenic_variant,p.Phe19Phe,c.38C>T
367,66,AB033556,Polymerase,missense_variant,p.Val67Thr,c.63T>C
368,37,AF121240,HBsAg,missense_variant,p.Ser50Leu,c.97A>G
369,85,AF121240,RT,intragenic_variant,p.Val82Leu,c.66G>A
370,16,AF121240,Core,intragenic_variant,p.Arg9Ser,c.72T>C
371,64,AF090842,PreCore,missense_variant,p.Thr12Asx,c.8T>C
372,63,AF121240,HBsAg,intragenic_variant,p.Met67Pro,c.94G>A
373,34,AB032431,RT,missense_variant,p.Glx41Met,c.67G>A
374,71,AB033554,PreS2,missense_variant,p.Lys14Ala,c.39C>T
375,3,AB032431,RT,missense_variant,p.Ser22Cys,c.33T>C
376,13,AB033556,HBsAg,intragenic_variant,p.Asp17Trp,c.12A>G
377,98,AB033556,PreCore,intragenic_variant,p.Glu8Phe,c.15G>A
378,76,AF121240,Polymerase,missense_variant,p.Ile94Val,c.55C>T
379,22,AB033556,X,missense_variant,p.Lys12Leu,c.41T>C
380,99,AB033554,PreS1,missense_variant,p.Ala46Arg,c.67T>C
381,43,AB033554,PreCore,intragenic_variant,p.Ala53Gly,c.23A>G
382,5,AB033556,RT,intragenic_variant,p.Asx70His,c.84G>A
383,38,AF121240,PreCore,missense_variant,p.Gly87Glu,c.46C>T
384,92,AF090842,PreS2,intragenic_variant,p.Glx34Pro,c.73T>C
385,87,AB033556,PreS2,missense_variant,p.Ile16Gly,c.78G>A
386,15,AF090842,Core,intragenic_variant,p.Glu94Arg,c.46T>C
387,82,AF090842,HBsAg,missense_variant,p.Phe63Tyr,c.98T>C
388,42,AB033554,PreCore,missense_variant,p.Asp1Ile,c.70T>C
389,94,AF090842,X,missense_variant,p.Cys72Ser,c.12G>A
390,92,AB032431,PreS2,missense_variant,p.Glx83Gly,c.3G>A
391,36,AF121240,PreS2,intragenic_variant,p.Ser29Tyr,c.55G>A
392,80,AF090842,PreS1,intragenic_variant,p.Thr15Asx,c.64A>G
393,38,AF121240,RT,intragenic_variant,p.Ser98His,c.75T>C
394,76,AB032431,PreCore,missense_variant,p.Pro98Ala,c.20C>T
395,8,AB033556,Polymerase,intragenic_variant,p.Pro17Tyr,c.15G>A
396,60,AF121240,X,intragenic_variant,p.Tyr63Ala,c.19C>T
397,90,AF090842,RT,intragenic_variant,p.Leu58Tyr,c.43C>T
398,61,AB033554,PreCore,intragenic_variant,p.Ser70Cys,c.73A>G
399,47,AB032431,RT,missense_variant,p.Asn62Ser,c.60C>T
400,17,AF121240,PreS2,intragenic_variant,p.Gln94Glx,c.60C>T
401,85,AF090842,PreS1,missense_variant,p.Tyr83Ile,c.96A>G
402,86,AB033554,RT,intragenic_variant,p.Ala53Cys,c.92A>G
403,56,AF121240,RT,intragenic_variant,p.Ile90Ala,c.12C>T
404,62,AB032431,Core,intragenic_variant,p.Phe82Gly,c.3T>C
405,12,AF090842,X,missense_variant,p.His22Thr,c.33C>T
406,56,AF121240,PreCore,missense_variant,p.Arg83Tyr,c.84T>C
407,89,AB033554,HBsAg,intragenic_variant,p.Pro11Ile,c.62C>T
408,38,AB032431,PreS2,missense_variant,p.Asn27Ser,c.94G>A
409,98,AB033556,X,intragenic_variant,p.Asx61Lys,c.71A>G
410,34,AF121240,HBsAg,intragenic_variant,p.Ala13Ile,c.83A>G
411,69,AF090842,PreS1,intragenic_variant,p.Met0His,c.36T>C
412,67,AF121240,HBsAg,intragenic_variant,p.Cys59Asn,c.49T>C
413,87,AB033554,PreS2,missense_variant,p.His66His,c.24C>T
414,57,AF090842,Polymerase,missense_variant,p.Thr2Arg,c.83T>C
415,28,AB033556,PreCore,missense_variant,p.Trp79Pro,c.59G>A
416,2,AB033554,PreS1,intragenic_variant,p.Asx44Pro,c.86C>T
417,57,AB033554,Polymerase,intragenic_variant,p.His47Tyr,c.69C>T
418,87,AB032431,HBsAg,missense_variant,p.Asn19Asx,c.71T>C
419,54,AB032431,PreCore,intragenic_variant,p.Pro60Glx,c.98T>C
420,14,AF121240,HBsAg,intragenic_variant,p.Pro81Asp,c.35G>A
421,78,AF090842,PreS2,intragenic_variant,p.Asx88Arg,c.14C>T
422,31,AB033556,Core,intragenic_variant,p.Thr19Lys,c.65G>A
423,8,AB033554,HBsAg,missense_variant,p.Pro8Pro,c.41G>A
424,73,AB033554,X,missense_variant,p.His60Asx,c.2C>T
425,57,AB032431,PreS2,missense_variant,p.Lys92Ser,c.41T>C
426,48,AB032431,Polymerase,intragenic_variant,p.Pro81His,c.59A>G
427,34,AB033556,PreS2,intragenic_variant,p.Val63Ser,c.60C>T
428,40,AB033554,HBsAg,intragenic_variant,p.Asn30Trp,c.89T>C
429,71,AF090842,Polymerase,intragenic_variant,p.Tyr37Leu,c.99C>T
430,85,AB032431,X,intragenic_variant,p.Ser78Asp,c.84C>T
431,37,AF121240,Polymerase,intragenic_variant,p.Pro68Asn,c.44G>A
432,63,AF090842,RT,intragenic_variant,p.Thr12Asx,c.95G>A
433,86,AB032431,PreS2,intragenic_variant,p.Gln33Glu,c.15T>C
434,66,AF090842,PreS2,missense_variant,p.Asp36Glx,c.83G>A
435,5,AF121240,PreCore,missense_variant,p.Asn96Cys,c.2A>G
436,74,AB032431,X,missense_variant,p.Pro61Val,c.87C>T
437,40,AF121240,Core,intragenic_variant,p.Ala19Lys,c.33T>C
438,5,AF121240,X,intragenic_variant,p.Thr84Asn,c.46C>T
439,58,AB033554,HBsAg,missense_variant,p.Pro26Glu,c.95C>T
440,47,AF121240,PreS2,intragenic_variant,p.Glx50Thr,c.33G>A
441,30,AB032431,RT,intragenic_variant,p.Val70Trp,c.55G>A
442,44,AB033556,PreS1,missense_variant,p.Asp94Gln,c.35C>T
443,24,AF121240,PreS1,missense_variant,p.Glx72Arg,c.95A>G
444,47,AB033554,PreCore,intragenic_variant,p.Lys67Glu,c.79C>T
445,72,AB033556,X,intragenic_variant,p.Lys63Lys,c.35C>T
446,79,AF090842,HBsAg,intragenic_variant,p.Leu80Phe,c.66G>A
447,42,AB033556,PreS2,missense_variant,p.Thr25Val,c.29G>A
448,74,AB032431,Core,intragenic_variant,p.Ala70Ala,c.67A>G
449,11,AB032431,RT,missense_variant,p.Leu7Asx,c.32T>C
450,15,AF121240,PreCore,intragenic_variant,p.Ile83His,c.2T>C
451,99,AF121240,RT,missense_variant,p.Glu69Pro,c.34C>T
452,29,AB032431,Polymerase,intragenic_variant,p.Phe89Phe,c.39A>G
453,34,AF090842,X,missense_variant,p.Cys79Phe,c.3G>A
454,42,AF090842,HBsAg,intragenic_variant,p.Trp34His,c.42C>T
455,50,AF121240,Core,missense_variant,p.Arg0Ile,c.87A>G
456,68,AF121240,Polymerase,missense_variant,p.Trp3Asp,c.59A>G
457,55,AB033556,PreS2,missense_variant,p.Pro6Glu,c.68A>G
458,40,AB033554,PreCore,missense_variant,p.Ser25Leu,c.80G>A
459,65,AF121240,X,missense_variant,p.Cys99Ser,c.44C>T
460,87,AB032431,PreCore,intragenic_variant,p.Glu10Leu,c.79C>T
461,80,AB032431,PreS1,missense_variant,p.Asx19Ala,c.32G>A
462,41,AB032431,Core,intragenic_variant,p.Phe55Phe,c.51A>G
463,7,AB032431,PreCore,intragenic_variant,p.His80Phe,c.82T>C
464,90,AB033556,Polymerase,intragenic_variant,p.Val27Asp,c.92C>T
465,14,AB033556,HBsAg,missense_variant,p.Glx78Leu,c.56G>A
466,32,AB033556,PreS2,missense_variant,p.Gly19His,c.67T>C
467,20,AF121240,PreS1,intragenic_variant,p.Ile70Glx,c.64A>G
468,12,AB033554,HBsAg,missense_variant,p.Cys65Thr,c.24G>A
469,64,AB032431,Polymerase,missense_variant,p.Glu64Met,c.2C>T
470,40,AB033556,PreS2,intragenic_variant,p.Phe88Glu,c.73T>C
471,45,AB033556,Polymerase,intragenic_variant,p.Leu97Ser,c.17T>C
472,29,AB033554,PreCore,intragenic_variant,p.Asp42Asp,c.0T>C
473,56,AB033556,X,intragenic_variant,p.Thr37Leu,c.24G>A
474,84,AB033554,Core,intragenic_variant,p.Glu17Gly,c.51T>C
475,14,AB033556,Core,missense_variant,p.Asp31Pro,c.69T>C
476,61,AB033556,RT,missense_variant,p.Asp29Ala,c.44G>A
477,7,AB033556,PreS1,intragenic_variant,p.Pro58Lys,c.87A>G
478,99,AB033556,Polymerase,missense_variant,p.Tyr3Ala,c.57G>A
479,11,AF121240,HBsAg,missense_variant,p.Cys10Met,c.35G>A
480,61,AF121240,PreS1,intragenic_variant,p.Thr38Glu,c.25A>G
481,87,AF121240,Polymerase,missense_variant,p.Val95Ala,c.31A>G
482,76,AB033556,RT,intragenic_variant,p.Val64Val,c.75G>A
483,6,AF121240,Core,missense_variant,p.Leu18Val,c.84G>A
484,95,AB032431,HBsAg,intragenic_variant,p.Gln69Gln,c.48A>G
485,35,AB032431,HBsAg,missense_variant,p.Trp47Ile,c.30T>C
486,26,AB033556,Core,intragenic_variant,p.Ile47Ser,c.93A>G
487,58,AB033556,HBsAg,intragenic_variant,p.Tyr98Tyr,c.39C>T
488,54,AF121240,Core,intragenic_variant,p.Met84Arg,c.25G>A
489,32,AB033556,PreS2,missense_variant,p.Ala58Cys,c.84C>T
490,37,AB033554,PreS2,missense_variant,p.Leu79Leu,c.11C>T
491,7,AF090842,PreS2,missense_variant,p.His46Arg,c.20T>C
492,80,AB033556,PreS2,missense_variant,p.Gln52Glx,c.21A>G
493,51,AF121240,PreS1,missense_variant,p.Tyr44Glx,c.81T>C
494,58,AB032431,X,missense_variant,p.Val77Ser,c.8G>A
495,98,AB033556,PreS1,missense_variant,p.Tyr3Pro,c.18G>A
496,16,AF090842,PreS2,missense_variant,p.Asx3Lys,c.91G>A
497,56,AF090842,HBsAg,missense_variant,p.Asp39Gln,c.94C>T
498,19,AB032431,PreS2,intragenic_variant,p.Trp79Ser,c.76T>C
499,55,AB033554,Polymerase,missense_variant,p.Lys89Ile,c.5C>T
500,81,AB033556,PreS2,intragenic_variant,p.Leu93His,c.36G>A
501,92,AB032431,Polymerase,intragenic_variant,p.Gln60Lys,c.19A>G
502,37,AB032431,HBsAg,missense_variant,p.Phe22Val,c.54A>G
503,20,AF121240,HBsAg,intragenic_variant,p.Gly83Glu,c.10T>C
504,1,AF090842,PreS1,missense_variant,p.Thr56Tyr,c.26T>C
505,95,AB032431,X,missense_variant,p.Tyr87Leu,c.83G>A
506,60,AF090842,Polymerase,intragenic_variant,p.Ile80Ala,c.44C>T
507,91,AB033556,Polymerase,intragenic_variant,p.Glx64Gly,c.85G>A
508,4,AF090842,PreS1,missense_variant,p.Leu89Leu,c.35G>A
509,96,AF121240,PreCore,missense_variant,p.Asx34Ala,c.15T>C
510,80,AF090842,PreCore,intragenic_variant,p.Trp81Cys,c.62T>C
511,93,AB033556,PreCore,missense_variant,p.Ile56Asx,c.46G>A
512,47,AB033556,PreS1,intragenic_variant,p.Lys49Asp,c.99G>A
513,27,AF090842,X,missense_variant,p.Tyr46Tyr,c.89G>A
514,55,AB033554,RT,intragenic_variant,p.Phe20Ala,c.11C>T
515,9,AB032431,PreS1,intragenic_variant,p.Val60Gly,c.39T>C
516,94,AF090842,Polymerase,missense_variant,p.Leu65Glx,c.0G>A
517,70,AB032431,PreCore,missense_variant,p.His3Ser,c.48A>G
518,88,AF090842,PreS2,missense_variant,p.His91Val,c.33C>T
519,44,AF090842,PreCore,missense_variant,p.Glu38Tyr,c.44G>A
520,55,AB033556,Core,intragenic_variant,p.Phe1Asn,c.8G>A
521,45,AB032431,Core,missense_variant,p.Met91Ser,c.30A>G
522,31,AF090842,RT,missense_variant,p.Trp66Asn,c.56T>C
523,81,AB032431,RT,intragenic_variant,p.Leu6Ser,c.2A>G
524,14,AF121240,X,missense_variant,p.Phe89Gly,c.51G>A
525,18,AB032431,HBsAg,missense_variant,p.Pro37Glx,c.1T>C
526,73,AB033556,Core,intragenic_variant,p.Thr28Ala,c.58T>C
527,78,AF090842,RT,missense_variant,p.Ser65Lys,c.99G>A
528,9,AB033556,PreS2,missense_variant,p.Cys35Lys,c.99G>A
529,91,AB033554,PreS1,intragenic_variant,p.Asp63Gln,c.98A>G
530,25,AF121240,PreCore,intragenic_variant,p.Ile1His,c.45T>C
531,69,AB033556,PreCore,missense_variant,p.Trp74Gln,c.12A>G
532,23,AF090842,Core,missense_variant,p.Val46Ser,c.21A>G
533,24,AF090842,Polymerase,missense_variant,p.Pro17Ile,c.11G>A
534,76,AB033556,HBsAg,missense_variant,p.Pro72His,c.35G>A
535,90,AB033556,X,intragenic_variant,p.Gly67Cys,c.86A>G
536,34,AF121240,HBsAg,missense_variant,p.Ser41Gln,c.58A>G
537,54,AB033554,X,missense_variant,p.Leu63Glx,c.89T>C
538,70,AB033554,Polymerase,missense_variant,p.Glu79Gln,c.60T>C
539,22,AB033556,Core,missense_variant,p.Leu9His,c.43A>G
540,70,AF121240,X,missense_variant,p.Pro6Cys,c.7T>C
541,67,AB033554,Polymerase,missense_variant,p.Glu96Cys,c.81T>C
542,37,AF090842,PreCore,intragenic_variant,p.Glu56Cys,c.74T>C
543,85,AB033554,Polymerase,missense_variant,p.Asn83Cys,c.30C>T
544,31,AF090842,Core,missense_variant,p.Gln46Val,c.19T>C
545,57,AF090842,Core,missense_variant,p.Thr5Leu,c.16C>T
546,88,AB032431,HBsAg,intragenic_variant,p.Ala18Gln,c.73T>C
547,78,AB033554,PreS2,missense_variant,p.Gln97Lys,c.15G>A
548,28,AF121240,Polymerase,intragenic_variant,p.Asp60His,c.85A>G
549,12,AF090842,PreCore,missense_variant,p.Ile49Cys,c.75C>T
550,19,AF121240,PreS2,intragenic_variant,p.Ala0Gln,c.58G>A
551,89,AB033554,X,intragenic_variant,p.Asp11Trp,c.91A>G
552,63,AF090842,Core,intragenic_variant,p.Phe37Asn,c.70T>C
553,15,AB033556,X,intragenic_variant,p.His40Ala,c.32G>A
554,86,AF121240,PreCore,missense_variant,p.Cys61His,c.6T>C
555,9,AF090842,Core,intragenic_variant,p.His38Glu,c.83T>C
556,99,AF121240,Polymerase,intragenic_variant,p.His73Ala,c.42T>C
557,39,AB032431,Core,intragenic_variant,p.Trp25Glu,c.74T>C
558,18,AB033556,X,missense_variant,p.Met6Gly,c.96G>A
559,27,AB033554,Core,missense_variant,p.Asn46Glx,c.6T>C
560,48,AF121240,PreS1,intragenic_variant,p.Asx81Met,c.61A>G
561,38,AF121240,HBsAg,missense_variant,p.Trp27Met,c.74G>A
562,9,AF121240,X,intragenic_variant,p.Pro30Tyr,c.46G>A
563,24,AF090842,PreS2,intragenic_variant,p.His73Met,c.32A>G
564,26,AB032431,Polymerase,missense_variant,p.Gly39Ser,c.39A>G
565,37,AB032431,PreS2,missense_variant,p.Arg60Pro,c.22A>G
566,30,AB033554,X,missense_variant,p.His78Lys,c.97T>C
567,62,AB032431,PreS1,missense_variant,p.Trp85Gln,c.80C>T
568,86,AF090842,PreS1,intragenic_variant,p.Thr63Ile,c.57T>C
569,94,AF090842,PreS2,missense_variant,p.Ser19His,c.46C>T
570,42,AF121240,PreS1,intragenic_variant,p.Glx96Pro,c.1A>G
571,85,AB033556,PreS2,intragenic_variant,p.Glu81Leu,c.42T>C
572,97,AB032431,PreS2,intragenic_variant,p.Asp43Gly,c.6C>T
573,84,AB033556,Core,intragenic_variant,p.Leu7Asn,c.49C>T
574,61,AB033556,PreS1,missense_variant,p.Glx44Ile,c.16C>T
575,83,AB033554,PreCore,intragenic_variant,p.Ala43Cys,c.45C>T
576,29,AF121240,PreS1,intragenic_variant,p.Ile16Val,c.68G>A
577,48,AF121240,Core,missense_variant,p.Glu37Phe,c.41T>C
578,89,AF090842,PreS2,missense_variant,p.Asx63Leu,c.1G>A
579,67,AB033554,PreS2,intragenic_variant,p.His20Phe,c.76T>C
580,16,AB032431,HBsAg,missense_variant,p.Tyr91Tyr,c.98A>G
581,21,AF090842,Core,intragenic_variant,p.Gly18Ala,c.96C>T
582,2,AB033556,Polymerase,missense_variant,p.Arg27Tyr,c.44T>C
583,96,AB032431,PreS1,missense_variant,p.Asp17Gln,c.99G>A
584,65,AB032431,PreS1,intragenic_variant,p.Glx76Leu,c.28A>G
585,92,AF090842,PreCore,intragenic_variant,p.Phe13Val,c.85A>G
586,25,AB033556,HBsAg,missense_variant,p.Trp99Ala,c.37A>G
587,13,AB033554,HBsAg,missense_variant,p.Glx32Phe,c.56T>C
588,77,AF121240,PreCore,missense_variant,p.His23Phe,c.91C>T
589,85,AB033556,Polymerase,intragenic_variant,p.Pro1Asp,c.22A>G
590,19,AB032431,RT,missense_variant,p.Asn70Cys,c.23T>C
591,2,AF121240,Core,intragenic_variant,p.Pro92Trp,c.24G>A
592,47,AB033554,X,missense_variant,p.Glu40Thr,c.25T>C
593,58,AF121240,PreS2,intragenic_variant,p.Tyr17His,c.17T>C
594,95,AB033556,PreCore,missense_variant,p.Asp73Asx,c.58G>A
595,74,AB032431,PreS2,intragenic_variant,p.Ile49Phe,c.83G>A
596,9,AB033554,PreS2,missense_variant,p.Tyr53Tyr,c.86A>G
597,5,AB032431,PreS1,missense_variant,p.Asp18Ser,c.1A>G
598,91,AF090842,PreS1,missense_variant,p.Ile52Glx,c.67G>A
599,1,AF121240,Polymerase,intragenic_variant,p.Trp27Met,c.90T>C
600,59,AB032431,X,missense_variant,p.Ala50Glx,c.91C>T
601,96,AB033556,Polymerase,intragenic_variant,p.Gln33Glx,c.74A>G
602,97,AF090842,PreS1,intragenic_variant,p.Tyr87Ser,c.69C>T
603,30,AB033556,PreS1,missense_variant,p.Tyr61Phe,c.8G>A
604,20,AB033554,Core,intragenic_variant,p.Ile36His,c.89C>T
605,70,AB032431,HBsAg,missense_variant,p.Gly6Arg,c.30T>C
606,92,AF090842,PreS1,intragenic_variant,p.Pro85His,c.55T>C
607,45,AB032431,HBsAg,missense_variant,p.Gln86Lys,c.96T>C
608,66,AB033556,Core,missense_variant,p.Leu0Glu,c.60G>A
609,98,AF090842,PreCore,missense_variant,p.Met19Glu,c.29C>T
610,51,AB032431,X,missense_variant,p.Gly79Lys,c.55C>T
611,23,AB032431,Core,intragenic_variant,p.Lys45Asn,c.42T>C
612,53,AB033554,Core,missense_variant,p.His93Thr,c.5G>A
613,58,AF121240,PreCore,intragenic_variant,p.Ala16Thr,c.50T>C
614,65,AF121240,Polymerase,missense_variant,p.Pro23Ser,c.1C>T
615,56,AB032431,HBsAg,missense_variant,p.Leu67Ile,c.53G>A
616,45,AB033554,PreCore,intragenic_variant,p.Ser26Asx,c.84C>T
617,36,AB032431,PreS1,missense_variant,p.Ala64Cys,c.97C>T
618,1,AF090842,RT,missense_variant,p.Glx51Thr,c.4A>G
619,12,AF090842,PreS1,intragenic_variant,p.Ile22Glu,c.21C>T
620,96,AB033554,PreS2,intragenic_variant,p.Ser60Ser,c.91A>G
621,12,AB033554,PreS2,intragenic_variant,p.Ser7Leu,c.8G>A
622,9,AB032431,Core,missense_variant,p.Ser20Asx,c.5T>C
623,76,AF090842,Core,intragenic_variant,p.Val76Thr,c.14T>C
624,25,AF090842,PreCore,missense_variant,p.Tyr61Asp,c.73G>A
625,55,AF090842,HBsAg,intragenic_variant,p.Ile10Glx,c.83A>G
626,91,AF090842,PreCore,missense_variant,p.Asp7Pro,c.92T>C
627,78,AF121240,PreS2,missense_variant,p.Asn36His,c.86T>C
628,83,AB032431,X,missense_variant,p.His91Ala,c.15A>G
629,86,AB033554,Core,missense_variant,p.Thr58Tyr,c.36A>G
630,57,AF121240,PreCore,missense_variant,p.His5His,c.13T>C
631,91,AF090842,Polymerase,intragenic_variant,p.Pro72Lys,c.46G>A
632,53,AF090842,Core,missense_variant,p.Cys3Phe,c.2T>C
633,95,AB033556,X,intragenic_variant,p.Asx57Ser,c.83A>G
634,8,AF090842,PreCore,missense_variant,p.Phe54Leu,c.85T>C
635,34,AF121240,PreCore,missense_variant,p.Met20Trp,c.93C>T
636,22,AF121240,X,missense_variant,p.Gly32Asx,c.39A>G
637,59,AB033554,RT,missense_variant,p.Gly62Gly,c.84C>T
638,20,AB032431,PreCore,missense_variant,p.Arg36Asx,c.46G>A
639,17,AB033554,RT,intragenic_variant,p.Asx1Met,c.9A>G
640,15,AB033556,RT,intragenic_variant,p.Ser40Gln,c.2G>A
641,46,AB033556,PreS1,intragenic_variant,p.Val86Glu,c.43G>A
642,35,AB033554,Core,intragenic_variant,p.Phe58Glx,c.42G>A
643,26,AF121240,Polymerase,missense_variant,p.Gln60Phe,c.99C>T
644,45,AB032431,HBsAg,missense_variant,p.Phe98Glu,c.6T>C
645,64,AB032431,PreS2,intragenic_variant,p.Ser96Ile,c.70G>A
646,17,AB033556,PreCore,intragenic_variant,p.Lys56Met,c.97G>A
647,93,AF090842,HBsAg,intragenic_variant,p.Leu53Leu,c.23C>T
648,87,AB033554,PreS1,missense_variant,p.Asx77Trp,c.94G>A
649,76,AB033554,PreS2,missense_variant,p.Gln26Glx,c.46T>C
650,59,AF090842,HBsAg,intragenic_variant,p.Phe31Asx,c.99A>G
651,84,AB033554,X,missense_variant,p.Leu45Asp,c.77G>A
652,87,AB033556,PreS2,missense_variant,p.Gly82Asx,c.22T>C
653,60,AB033554,X,intragenic_variant,p.Ile70Asn,c.32C>T
654,33,AF121240,RT,intragenic_variant,p.Arg75Lys,c.0A>G
655,56,AF090842,Polymerase,missense_variant,p.Phe56Asx,c.67T>C
656,95,AF121240,PreCore,intragenic_variant,p.Thr52Asp,c.66G>A
657,89,AB032431,Polymerase,missense_variant,p.Val46Asn,c.40A>G
658,69,AF121240,PreCore,intragenic_variant,p.Glx16Lys,c.37T>C
659,66,AB033556,PreCore,missense_variant,p.Cys31Pro,c.47T>C
660,5,AF090842,PreS2,missense_variant,p.Thr62His,c.41G>A
661,84,AB032431,Polymerase,missense_variant,p.Met86Pro,c.50G>A
662,30,AF121240,RT,intragenic_variant,p.Met96Met,c.70A>G
663,13,AB033556,PreS2,intragenic_variant,p.Met50Ser,c.30G>A
664,85,AF121240,HBsAg,intragenic_variant,p.Asp55Lys,c.55A>G
665,91,AB032431,Core,intragenic_variant,p.Gly33Ser,c.4G>A
666,48,AB033556,PreCore,intragenic_variant,p.Arg10Gln,c.37A>G
667,59,AB033554,PreS2,intragenic_variant,p.Glx20Phe,c.99C>T
668,84,AF121240,Polymerase,intragenic_variant,p.Cys5Glu,c.87A>G
669,61,AF121240,Polymerase,missense_variant,p.Ile51Glx,c.72T>C
670,71,AB033556,HBsAg,intragenic_variant,p.Trp18Phe,c.66G>A
671,97,AF121240,PreCore,missense_variant,p.Val7Trp,c.32C>T
672,94,AF090842,Core,intragenic_variant,p.Thr80Trp,c.16C>T
673,53,AB033556,Polymerase,intragenic_variant,p.Pro92Leu,c.69A>G
674,2,AF090842,HBsAg,missense_variant,p.Lys44Lys,c.51T>C
675,98,AF121240,PreS2,missense_variant,p.Lys15Trp,c.87C>T
676,21,AB033554,HBsAg,missense_variant,p.Glx83Asp,c.56T>C
677,1,AB033554,PreS2,intragenic_variant,p.Tyr16Asn,c.45A>G
678,63,AB033554,PreS2,intragenic_variant,p.Asx92Asn,c.7T>C
679,31,AB033554,PreS2,missense_variant,p.Asn32Asp,c.81G>A
680,23,AB032431,PreS2,missense_variant,p.Trp72Ser,c.6G>A
681,27,AB033556,Core,intragenic_variant,p.Cys35Cys,c.34G>A
682,36,AB033556,X,intragenic_variant,p.Phe96Leu,c.71T>C
683,7,AF121240,Polymerase,missense_variant,p.Gly20Asx,c.31T>C
684,41,AB032431,PreS2,missense_variant,p.Met53Thr,c.82A>G
685,12,AF090842,RT,intragenic_variant,p.Glx36Leu,c.2C>T
686,41,AF090842,Core,missense_variant,p.Leu89Arg,c.30C>T
687,45,AB033556,Core,intragenic_variant,p.Cys12Trp,c.28G>A
688,42,AB032431,PreCore,intragenic_variant,p.Phe86Phe,c.5G>A
689,88,AB033554,Core,missense_variant,p.His86Val,c.59A>G
690,20,AF121240,HBsAg,intragenic_variant,p.Asp91Met,c.88C>T
691,41,AF121240,Core,missense_variant,p.Ser7Val,c.60G>A
692,17,AF121240,PreCore,intragenic_variant,p.Gly60Val,c.72G>A
693,34,AF121240,PreS2,missense_variant,p.Phe67Trp,c.94G>A
694,81,AB033554,PreCore,missense_variant,p.Leu2Gln,c.6T>C
695,18,AB032431,X,intragenic_variant,p.Leu11Lys,c.90G>A
696,45,AF121240,Core,intragenic_variant,p.Pro88Thr,c.63T>C
697,45,AB032431,RT,intragenic_variant,p.Leu17Gln,c.69G>A
698,62,AB033554,PreCore,missense_variant,p.Thr53Thr,c.88C>T
699,68,AB032431,PreS2,missense_variant,p.Ala7Arg,c.28T>C
700,68,AB032431,PreS1,intragenic_variant,p.Tyr73Ala,c.65G>A
701,90,AF090842,PreS1,missense_variant,p.Thr15Met,c.82A>G
702,90,AF121240,PreCore,missense_variant,p.His41Thr,c.7A>G
703,43,AF121240,PreS1,intragenic_variant,p.Arg91Lys,c.32A>G
704,17,AB033554,PreS2,intragenic_variant,p.Pro58His,c.23T>C
705,92,AF090842,HBsAg,intragenic_variant,p.Met45Pro,c.33C>T
706,26,AB033556,PreCore,intragenic_variant,p.Glx92Glu,c.70A>G
707,13,AB033554,Polymerase,missense_variant,p.Ile18Glx,c.14C>T
708,82,AB033554,X,missense_variant,p.Trp15Lys,c.29T>C
709,26,AB033554,PreS1,intragenic_variant,p.Trp98Cys,c.98T>C
710,30,AB032431,PreCore,missense_variant,p.Asn24Asp,c.19G>A
711,64,AB032431,PreS1,intragenic_variant,p.Pro80Asn,c.84C>T
712,90,AF090842,Core,missense_variant,p.Lys80Arg,c.48G>A
713,81,AB033556,Core,missense_variant,p.His66Ser,c.48G>A
714,11,AB032431,PreS1,intragenic_variant,p.Glu94Met,c.46G>A
715,52,AB033554,Polymerase,missense_variant,p.Asx41Pro,c.49G>A
716,63,AB033554,RT,missense_variant,p.Asn1Phe,c.6G>A
717,80,AB033554,PreCore,intragenic_variant,p.Ile93Ile,c.72A>G
718,83,AF121240,X,intragenic_variant,p.Trp85Asx,c.86C>T
719,83,AF090842,PreS1,missense_variant,p.Met33Val,c.45A>G
720,90,AB033556,RT,intragenic_variant,p.Lys12Asp,c.81C>T
721,41,AF090842,HBsAg,intragenic_variant,p.Asx12Lys,c.34C>T
722,21,AF121240,X,missense_variant,p.Lys23Leu,c.75C>T
723,84,AB033556,X,missense_variant,p.Leu11Val,c.57G>A
724,53,AB033556,Polymerase,missense_variant,p.Gln9Asn,c.55G>A
725,88,AF090842,PreS1,intragenic_variant,p.Gln19Gly,c.83A>G
726,55,AF121240,Polymerase,missense_variant,p.Pro5Glu,c.36G>A
727,97,AF121240,PreCore,missense_variant,p.Leu42Asn,c.74T>C
728,94,AB033554,HBsAg,missense_variant,p.Val17Asx,c.58G>A
729,90,AF090842,Core,missense_variant,p.Val21Tyr,c.89A>G
730,96,AB033556,X,intragenic_variant,p.Ile30Pro,c.3C>T
731,30,AB032431,PreCore,missense_variant,p.His77Lys,c.92T>C
732,92,AF121240,HBsAg,missense_variant,p.Leu60Lys,c.91C>T
733,74,AB033554,RT,missense_variant,p.Glx72Gly,c.5C>T
734,75,AB032431,X,intragenic_variant,p.Asx21Glu,c.31G>A
735,97,AB032431,PreS1,intragenic_variant,p.Phe60Gln,c.1C>T
736,37,AB033554,PreS1,missense_variant,p.Phe56Met,c.95G>A
737,77,AF090842,PreS2,missense_variant,p.His47Asp,c.45A>G
738,4,AB032431,HBsAg,intragenic_variant,p.Ala14Met,c.79G>A
739,92,AB032431,X,intragenic_variant,p.His15Thr,c.85C>T
740,75,AF090842,PreCore,missense_variant,p.Tyr36Val,c.4C>T
741,81,AF090842,PreCore,intragenic_variant,p.Gln26Glu,c.38T>C
742,17,AF121240,HBsAg,missense_variant,p.Pro65Leu,c.73A>G
743,6,AB033556,X,intragenic_variant,p.Pro48Gln,c.60C>T
744,16,AB032431,PreS1,missense_variant,p.Thr55Asp,c.85C>T
745,5,AB033554,Polymerase,missense_variant,p.Ile79Cys,c.92C>T
746,67,AF090842,PreS2,intragenic_variant,p.Gln98Ser,c.36A>G
747,80,AB033554,HBsAg,missense_variant,p.Gly58Asp,c.36A>G
748,79,AB032431,PreS2,missense_variant,p.Glx68Ser,c.12C>T
749,7,AB033556,X,intragenic_variant,p.Pro25Gly,c.68G>A
750,7,AB033556,Polymerase,missense_variant,p.Gly37Met,c.36C>T
751,29,AB033554,Core,intragenic_variant,p.Cys95Val,c.43A>G
752,46,AB032431,X,intragenic_variant,p.Val55Ile,c.41T>C
753,17,AF121240,HBsAg,missense_variant,p.Glx86Gln,c.78A>G
754,21,AB032431,Polymerase,missense_variant,p.Phe95Asx,c.65T>C
755,61,AF121240,X,intragenic_variant,p.Gly25Val,c.51T>C
756,52,AB032431,PreS2,missense_variant,p.Asn48Asx,c.13A>G
757,94,AB033556,RT,missense_variant,p.Asx90Cys,c.81G>A
758,11,AB033554,HBsAg,intragenic_variant,p.His34Gly,c.96T>C
759,6,AF090842,X,intragenic_variant,p.Phe1Trp,c.94G>A
760,67,AB032431,HBsAg,intragenic_variant,p.Gly98Met,c.63A>G
761,3,AF121240,PreS2,intragenic_variant,p.Phe96Cys,c.34G>A
762,73,AB033556,PreS1,intragenic_variant,p.Val87Cys,c.37A>G
763,14,AB033556,RT,missense_variant,p.Asx72Asx,c.21T>C
764,80,AF090842,PreS1,intragenic_variant,p.Ile95Val,c.45T>C
765,83,AF090842,PreCore,missense_variant,p.Phe84Ile,c.90T>C
766,59,AB033554,RT,intragenic_variant,p.Cys17Ile,c.74T>C
767,52,AB032431,PreCore,intragenic_variant,p.Met24Glu,c.53A>G
768,22,AB032431,PreS2,intragenic_variant,p.Ile49Ile,c.15T>C
769,55,AB033556,HBsAg,missense_variant,p.Asx54Met,c.2A>G
770,29,AB033554,PreCore,missense_variant,p.Pro73Tyr,c.77C>T
771,11,AB033554,PreS1,intragenic_variant,p.Lys94Asp,c.97A>G
772,86,AF121240,PreS2,missense_variant,p.Asn66Phe,c.10G>A
773,93,AB033554,PreCore,missense_variant,p.His4Cys,c.48G>A
774,35,AB033554,X,missense_variant,p.Glx7Leu,c.61G>A
775,68,AB033556,Polymerase,missense_variant,p.His50Val,c.91G>A
776,97,AB033554,PreCore,missense_variant,p.Glu17Val,c.33G>A
777,30,AB032431,RT,intragenic_variant,p.Glx53Trp,c.48T>C
778,90,AB033554,X,missense_variant,p.Ala43Gly,c.37G>A
779,52,AB032431,Polymerase,missense_variant,p.Asx27Asn,c.24C>T
780,49,AF090842,Core,missense_variant,p.Trp27Tyr,c.49C>T
781,56,AB032431,HBsAg,missense_variant,p.Gly50Cys,c.19C>T
782,4,AF121240,X,intragenic_variant,p.Gln99Phe,c.46T>C
783,41,AB032431,Polymerase,missense_variant,p.Arg76Lys,c.86T>C
784,52,AF121240,PreS2,intragenic_variant,p.Thr66Met,c.81T>C
785,36,AB033556,Core,intragenic_variant,p.Asx64Arg,c.82G>A
786,55,AF090842,Polymerase,missense_variant,p.Ile1Pro,c.56A>G
787,58,AB032431,PreS1,intragenic_variant,p.Lys19Lys,c.43A>G
788,28,AF090842,X,missense_variant,p.Trp37Cys,c.51A>G
789,20,AB032431,PreS2,missense_variant,p.Arg38Thr,c.46C>T
790,37,AB033554,Polymerase,intragenic_variant,p.Gly70Leu,c.42C>T
791,71,AF121240,HBsAg,missense_variant,p.Pro84Arg,c.56C>T
792,11,AB033556,X,missense_variant,p.Thr75Arg,c.52G>A
793,41,AB033556,RT,missense_variant,p.Asp8Val,c.59T>C
794,60,AF090842,Core,missense_variant,p.Trp44Glx,c.39A>G
795,51,AF090842,HBsAg,intragenic_variant,p.Glx2Thr,c.63G>A
796,10,AF090842,X,missense_variant,p.Pro90Gln,c.13G>A
797,68,AB033556,PreS2,missense_variant,p.Asn74Asp,c.52G>A
798,81,AF090842,PreCore,intragenic_variant,p.Lys77Tyr,c.21G>A
799,89,AB032431,Polymerase,missense_variant,p.Ala14Glu,c.69G>A
800,74,AB033554,PreS1,intragenic_variant,p.Asn52Ile,c.60A>G
801,58,AB033554,Core,intragenic_variant,p.Leu51Ala,c.44C>T
802,6,AB033554,X,missense_variant,p.Arg70Glu,c.97C>T
803,17,AB033554,PreS2,missense_variant,p.Thr47Cys,c.21G>A
804,11,AB033556,X,missense_variant,p.Glx44Phe,c.55A>G
805,92,AB032431,PreCore,intragenic_variant,p.Glx90Ser,c.57G>A
806,79,AB033556,HBsAg,intragenic_variant,p.Val59Tyr,c.57T>C
807,40,AB033556,PreCore,missense_variant,p.Tyr39Glx,c.33G>A
808,62,AB032431,PreS2,intragenic_variant,p.Thr19Gly,c.77A>G
809,1,AF121240,Polymerase,intragenic_variant,p.His9Ser,c.51A>G
810,19,AF121240,X,intragenic_variant,p.Gln66Asx,c.36T>C
811,3,AB033556,HBsAg,missense_variant,p.Arg54Asx,c.93G>A
812,35,AB033556,PreS2,missense_variant,p.Met4Pro,c.30A>G
813,63,AF121240,X,missense_variant,p.Leu73Cys,c.65C>T
814,78,AB032431,HBsAg,intragenic_variant,p.Ala98His,c.69A>G
815,43,AF121240,PreS1,intragenic_variant,p.Arg16Gln,c.99G>A
816,25,AB032431,Polymerase,missense_variant,p.Tyr3Cys,c.70T>C
817,55,AB033554,PreCore,missense_variant,p.Tyr65Tyr,c.66T>C
818,73,AF090842,Polymerase,missense_variant,p.Arg36Asx,c.83A>G
819,13,AB033554,PreS2,missense_variant,p.Met34Tyr,c.15T>C
820,64,AB032431,PreCore,missense_variant,p.Trp20Glx,c.73G>A
821,79,AB033554,X,missense_variant,p.Glu80Met,c.30G>A
822,54,AF121240,HBsAg,intragenic_variant,p.Trp17Met,c.51A>G
823,11,AB032431,HBsAg,intragenic_variant,p.Gln50Asp,c.38G>A
824,89,AB033554,Core,intragenic_variant,p.Gln13His,c.48G>A
825,84,AB033554,Polymerase,intragenic_variant,p.Asx79Gly,c.1A>G
826,14,AB033556,HBsAg,intragenic_variant,p.Gln15Asn,c.47C>T
827,25,AB033556,PreS2,intragenic_variant,p.Pro62Thr,c.92G>A
828,95,AB033556,PreS2,intragenic_variant,p.Asn28Lys,c.83G>A
829,53,AF121240,Polymerase,intragenic_variant,p.Leu3Ala,c.76T>C
830,41,AF090842,PreS2,intragenic_variant,p.Pro89Cys,c.59G>A
831,65,AF121240,RT,intragenic_variant,p.Glx78Glx,c.3T>C
832,82,AB032431,PreS2,missense_variant,p.Trp61Phe,c.29G>A
833,78,AB033554,Core,intragenic_variant,p.Leu83Lys,c.1C>T
834,45,AB032431,HBsAg,missense_variant,p.Glu1Ala,c.6G>A
835,66,AB032431,HBsAg,intragenic_variant,p.Phe86His,c.62T>C
836,68,AF121240,Polymerase,intragenic_variant,p.Tyr81Glx,c.64G>A
837,17,AF121240,HBsAg,missense_variant,p.Gln11Tyr,c.44A>G
838,76,AB033554,X,missense_variant,p.Ile66Leu,c.6T>C
839,13,AB032431,PreCore,missense_variant,p.Glx71Asp,c.6G>A
840,6,AF121240,Core,missense_variant,p.Thr9Val,c.59C>T
841,67,AB033554,PreS1,missense_variant,p.Ser15Asx,c.70G>A
842,39,AB033554,PreS2,missense_variant,p.Gln88Asx,c.49T>C
843,34,AF090842,HBsAg,intragenic_variant,p.Gln27Ile,c.70C>T
844,49,AB033554,PreS1,missense_variant,p.Ala54Ala,c.26G>A
845,42,AB033556,X,missense_variant,p.Glu71Leu,c.13C>T
846,3,AB033554,PreS1,intragenic_variant,p.Ile29Ala,c.16T>C
847,66,AF121240,HBsAg,missense_variant,p.Ile19Lys,c.60T>C
848,51,AB033554,PreCore,missense_variant,p.His9Gln,c.11C>T
849,30,AB033554,Polymerase,missense_variant,p.Phe44Tyr,c.56C>T
850,77,AF121240,X,intragenic_variant,p.Ser64Pro,c.1C>T
851,32,AF090842,PreS2,missense_variant,p.Val15Asp,c.9G>A
852,3,AF090842,X,missense_variant,p.Pro76Tyr,c.26G>A
853,52,AF090842,X,missense_variant,p.Cys73Val,c.44T>C
854,77,AB033556,PreS1,intragenic_variant,p.Glx97Leu,c.42T>C
855,35,AF090842,RT,missense_variant,p.Ser28Phe,c.31A>G
856,85,AF090842,Core,intragenic_variant,p.His72Ile,c.52C>T
857,40,AF090842,PreCore,missense_variant,p.Asn64Ile,c.54A>G
858,6,AB033554,RT,missense_variant,p.Pro50Val,c.79C>T
859,29,AB033554,RT,missense_variant,p.Glx66Gly,c.88C>T
860,51,AB033554,PreCore,missense_variant,p.Cys79Tyr,c.46A>G
861,85,AB033556,PreS1,missense_variant,p.Asx90Cys,c.59A>G
862,44,AB033556,Polymerase,intragenic_variant,p.Leu58Asn,c.43A>G
863,2,AB033556,X,intragenic_variant,p.Gly26Asn,c.39A>G
864,96,AF090842,Polymerase,missense_variant,p.Gly61Glu,c.69T>C
865,27,AB033554,PreS1,intragenic_variant,p.Met36Trp,c.29T>C
866,82,AB033554,PreS2,missense_variant,p.Ser10Glx,c.0G>A
867,30,AF121240,HBsAg,intragenic_variant,p.Ala9Met,c.69A>G
868,24,AB033554,Polymerase,intragenic_variant,p.Ser32Trp,c.40T>C
869,32,AF090842,Polymerase,intragenic_variant,p.Asn92Tyr,c.58A>G
870,32,AB033556,Core,missense_variant,p.Thr94Thr,c.73T>C
871,29,AF121240,PreS1,missense_variant,p.Asx71Val,c.81A>G
872,40,AF090842,RT,missense_variant,p.Thr30Asx,c.51C>T
873,86,AB033556,Polymerase,intragenic_variant,p.Met93Gly,c.24C>T
874,92,AF090842,Core,intragenic_variant,p.His20Tyr,c.91T>C
875,17,AB032431,PreS2,intragenic_variant,p.Val16Glu,c.63C>T
876,52,AF090842,HBsAg,missense_variant,p.Arg33Arg,c.92G>A
877,18,AF090842,Core,intragenic_variant,p.Val91Ile,c.25A>G
878,52,AF121240,PreCore,intragenic_variant,p.Trp20Arg,c.75G>A
879,56,AF090842,PreS2,missense_variant,p.Glx53Asp,c.7T>C
880,85,AB033554,Core,intragenic_variant,p.Ile47His,c.3C>T
881,62,AB032431,RT,intragenic_variant,p.Val41Lys,c.53G>A
882,52,AB032431,PreS1,intragenic_variant,p.Leu59Tyr,c.3A>G
883,17,AF121240,Core,intragenic_variant,p.Asx47Asp,c.27T>C
884,34,AF090842,PreS1,intragenic_variant,p.Val23Thr,c.98A>G
885,65,AB032431,RT,missense_variant,p.His99Gln,c.77C>T
886,57,AF090842,PreS2,missense_variant,p.Gly64Asp,c.53G>A
887,63,AF090842,PreS1,missense_variant,p.Trp47Arg,c.12G>A
888,88,AB032431,RT,intragenic_variant,p.Pro25His,c.13C>T
889,53,AB032431,Core,intragenic_variant,p.Cys14Cys,c.61T>C
890,30,AF090842,RT,intragenic_variant,p.Ile95Cys,c.26G>A
891,95,AB032431,Polymerase,intragenic_variant,p.Ser39Glu,c.96G>A
892,93,AF121240,HBsAg,intragenic_variant,p.Ser99Gly,c.84A>G
893,96,AF121240,PreS1,missense_variant,p.Arg71Gly,c.43C>T
894,44,AB033554,PreCore,intragenic_variant,p.Cys59Asp,c.74C>T
895,11,AB033554,HBsAg,intragenic_variant,p.Trp11Asp,c.94G>A
896,80,AF090842,PreCore,missense_variant,p.Lys93Met,c.37T>C
897,4,AB032431,PreS1,intragenic_variant,p.Val7Val,c.79T>C
898,68,AB033554,X,missense_variant,p.Gly0Pro,c.17G>A
899,70,AB032431,PreCore,missense_variant,p.Thr18His,c.69G>A
900,75,AF121240,Polymerase,intragenic_variant,p.Ala26Glu,c.24G>A
901,82,AF090842,PreCore,missense_variant,p.Asn17Tyr,c.93A>G
902,27,AB032431,RT,missense_variant,p.His49Val,c.34G>A
903,83,AF121240,PreS2,intragenic_variant,p.Pro30Trp,c.66A>G
904,29,AB032431,PreS2,missense_variant,p.Lys83Phe,c.47T>C
905,18,AB033554,PreS1,intragenic_variant,p.Val38Gln,c.87A>G
906,4,AB033556,X,missense_variant,p.Gln49Phe,c.78G>A
907,98,AB033554,HBsAg,intragenic_variant,p.Leu85Arg,c.95T>C
908,32,AB032431,X,missense_variant,p.Asx89Lys,c.41C>T
909,41,AB032431,PreS2,intragenic_variant,p.Asn97Pro,c.86C>T
910,12,AF090842,PreS1,missense_variant,p.Thr57Ile,c.28G>A
911,34,AB033556,Polymerase,missense_variant,p.Cys16Gln,c.60G>A
912,53,AF121240,HBsAg,intragenic_variant,p.Tyr35Ile,c.18T>C
913,50,AB032431,PreS2,intragenic_variant,p.Glx24Leu,c.69T>C
914,89,AB033556,RT,intragenic_variant,p.Asp61Arg,c.85A>G
915,8,AF121240,PreCore,missense_variant,p.Ala59Phe,c.87G>A
916,45,AB032431,Core,missense_variant,p.Val53Pro,c.47A>G
917,3,AB033554,HBsAg,intragenic_variant,p.Phe58Tyr,c.98C>T
918,74,AB033556,PreS2,missense_variant,p.Tyr48Glx,c.26C>T
919,37,AF121240,PreS2,missense_variant,p.Cys4Tyr,c.48A>G
920,88,AB032431,X,missense_variant,p.Phe6Arg,c.93A>G
921,70,AF090842,HBsAg,missense_variant,p.His38Arg,c.58G>A
922,75,AB033556,RT,intragenic_variant,p.Lys75Asx,c.60C>T
923,87,AB032431,PreS2,intragenic_variant,p.Ser36Glu,c.27A>G
924,7,AB033556,Core,intragenic_variant,p.Ser85Asx,c.92A>G
925,41,AB032431,PreCore,intragenic_variant,p.Asn58Asp,c.58T>C
926,90,AF121240,Core,missense_variant,p.Met13His,c.13A>G
927,70,AF090842,X,missense_variant,p.Gly67Thr,c.11G>A
928,68,AF090842,Core,intragenic_variant,p.Lys8Pro,c.39A>G
929,99,AB032431,X,intragenic_variant,p.Gln68Val,c.7G>A
930,17,AB033554,PreCore,missense_variant,p.Arg75His,c.79G>A
931,90,AB032431,PreCore,missense_variant,p.Cys11Arg,c.0T>C
932,21,AB033554,PreS1,intragenic_variant,p.Asp68Ser,c.43C>T
933,7,AF090842,PreS2,intragenic_variant,p.Asx40Gln,c.67A>G
934,68,AB033554,PreCore,intragenic_variant,p.His0Tyr,c.54T>C
935,15,AB033556,Core,missense_variant,p.Phe81Phe,c.46C>T
936,14,AF121240,PreCore,missense_variant,p.Phe51Asn,c.63C>T
937,43,AB033554,PreS2,intragenic_variant,p.Met25His,c.37A>G
938,7,AF121240,HBsAg,missense_variant,p.Glu30Ser,c.91G>A
939,4,AF121240,RT,missense_variant,p.Thr96Gly,c.93A>G
940,64,AB033554,HBsAg,missense_variant,p.Asp8Tyr,c.13T>C
941,21,AB032431,PreCore,missense_variant,p.Ile2Asx,c.46A>G
942,7,AB033554,X,missense_variant,p.Gly28Asx,c.85A>G
943,91,AF090842,HBsAg,intragenic_variant,p.Leu12Tyr,c.5T>C
944,33,AB032431,Polymerase,missense_variant,p.Ala54Arg,c.43G>A
945,99,AF121240,PreCore,missense_variant,p.Asn0Asx,c.32A>G
946,86,AF121240,PreS1,missense_variant,p.Ala5Phe,c.9C>T
947,54,AB032431,RT,missense_variant,p.Pro82Glu,c.95A>G
948,29,AB033556,Polymerase,intragenic_variant,p.Val92Val,c.80A>G
949,54,AB033554,PreS1,intragenic_variant,p.Asp19Trp,c.44C>T
950,89,AB033554,Core,missense_variant,p.Tyr26Val,c.73A>G
951,2,AF121240,HBsAg,intragenic_variant,p.Lys56Met,c.47T>C
952,58,AF090842,X,intragenic_variant,p.Lys66Glu,c.78C>T
953,44,AF121240,PreCore,missense_variant,p.Lys71Glx,c.34A>G
954,13,AB032431,Core,intragenic_variant,p.Pro23Met,c.13G>A
955,89,AB033556,Polymerase,intragenic_variant,p.Asx91His,c.26A>G
956,53,AF121240,RT,intragenic_variant,p.Thr20Ser,c.75A>G
957,11,AB032431,HBsAg,intragenic_variant,p.Lys68Gly,c.89T>C
958,5,AB033556,Polymerase,missense_variant,p.Ile43Glx,c.37G>A
959,97,AB032431,PreS1,missense_variant,p.Leu92Val,c.91G>A
960,28,AF121240,PreS2,intragenic_variant,p.Gly34His,c.80C>T
961,51,AB033554,PreCore,missense_variant,p.Glx72His,c.73C>T
962,86,AB033554,Core,missense_variant,p.Glu6Asp,c.63T>C
963,80,AF121240,HBsAg,missense_variant,p.Trp19Thr,c.23T>C
964,36,AF121240,PreCore,intragenic_variant,p.Asn9Glu,c.39C>T
965,89,AB033554,HBsAg,intragenic_variant,p.His99Tyr,c.61C>T
966,43,AB033556,HBsAg,intragenic_variant,p.Glx97Leu,c.82G>A
967,47,AB032431,PreCore,intragenic_variant,p.Lys40Gly,c.44G>A
968,47,AF090842,RT,intragenic_variant,p.Glx63Tyr,c.70G>A
969,80,AF121240,PreS1,intragenic_variant,p.Phe86His,c.69A>G
970,91,AB033556,HBsAg,missense_variant,p.Arg79Arg,c.39C>T
971,63,AF090842,RT,missense_variant,p.Gln10Pro,c.66T>C
972,48,AF121240,HBsAg,intragenic_variant,p.Gln57Thr,c.19A>G
973,34,AF121240,PreCore,missense_variant,p.Asx13Glx,c.50C>T
974,9,AF121240,X,missense_variant,p.Phe38Phe,c.45T>C
975,47,AB033554,PreCore,intragenic_variant,p.Val70Leu,c.41G>A
976,86,AB033556,Core,intragenic_variant,p.Cys57Cys,c.30T>C
977,20,AB032431,PreS2,missense_variant,p.Val61Phe,c.13G>A
978,58,AB032431,RT,intragenic_variant,p.Trp13Thr,c.39T>C
979,42,AB033554,RT,missense_variant,p.Gly71Lys,c.27T>C
980,39,AF090842,Polymerase,missense_variant,p.Cys26Leu,c.71G>A
981,80,AF090842,PreS1,missense_variant,p.His9Glx,c.91G>A
982,82,AF121240,HBsAg,missense_variant,p.Ser71His,c.34G>A
983,1,AF121240,X,intragenic_variant,p.Pro55Trp,c.33G>A
984,5,AB033556,PreS2,intragenic_variant,p.Lys60Glu,c.61C>T
985,80,AB033554,X,missense_variant,p.Glx85Asx,c.72G>A
986,75,AF090842,PreCore,missense_variant,p.Asn93Ile,c.8T>C
987,7,AB033554,HBsAg,missense_variant,p.Gly41Glx,c.50G>A
988,39,AB033554,PreS2,missense_variant,p.Phe16Asx,c.22A>G
989,74,AF121240,X,intragenic_variant,p.Glx28Asp,c.38G>A
990,83,AB033556,X,intragenic_variant,p.Ser71Arg,c.12C>T
991,78,AB033554,Core,intragenic_variant,p.Tyr39Asp,c.70A>G
992,69,AB033554,Polymerase,missense_variant,p.Glx98Met,c.52G>A
993,44,AF090842,Core,missense_variant,p.Lys60Asn,c.83A>G
994,26,AF121240,Core,missense_variant,p.Ile14His,c.91C>T
995,40,AB033556,PreS2,missense_variant,p.Trp22Asn,c.85T>C
996,8,AB032431,PreS1,intragenic_variant,p.Pro52Ile,c.8G>A
997,28,AF121240,Core,intragenic_variant,p.Met1Met,c.50G>A
998,4,AB033556,X,missense_variant,p.Ser60Arg,c.45A>G
999,75,AB033554,HBsAg,missense_variant,p.Asp91Asn,c.57C>T
