Mutation in RT,A,B,C,D,E
p.Leu269Ile,,,24.0,,
p.Gln267His,6.0,,,11.0,
p.Asp263Glu,8.0,,,6.0,
p.Ser256Gly,,5.0,,,
p.Asn248His,,,,,1.0
p.Ile224Val,,,14.0,,
p.Ser223Ala,,,17.0,,
p.Ser219Ala,12.0,,,7.0,1.0
p.Leu217Arg,30.0,,,,
p.Gln215His,,,,8.0,
p.Ser213Thr,6.0,,,8.0,
p.Val191Ile,,,,5.0,
p.Ile163Val,32.0,,,,
p.Gln149Lys,,,,23.0,
p.Asp134Glu,,,10.0,,
p.Asp134Asn,,10.0,,,
p.Met129Leu,,,,5.0,
p.Leu129Met,32.0,,,,
p.Thr128Asn,,,,5.0,
p.Thr128Ile,,,,6.0,
p.Ile91Leu,,,16.0,,
p.Leu91Ile,,,,12.0,
p.Ser78Thr,,,,11.0,
p.Asn53Lys,,,,10.0,
p.Asp1Glu,,19.0,,,
