Mutation in HBsAg,A,B,C,D,E
p.Tyr221Cys,,,43.0,,
p.Phe220Leu,,4.0,,5.0,
p.Leu213Ile,,,,13.0,
p.Ser210Arg,12.0,,,8.0,1.0
p.Leu209Val,30.0,,,,
p.Ser207Arg,,,,15.0,
p.Ser204Asn,15.0,5.0,,6.0,
p.Ser204Arg,7.0,,,11.0,
p.Pro203Gln,,,,3.0,
p.Trp196Leu,,,,3.0,
p.Ala184Val,,,43.0,,1.0
p.Trp182Leu,,2.0,,5.0,
p.Tyr161Phe,10.0,2.0,,,
p.Gly159Ala,,,,4.0,
p.Ala159Val,,3.0,,,
p.Gly145Arg,,,8.0,,
p.Tyr134Phe,,,,5.0,
p.Met133Leu,,3.0,,,
p.Met133Thr,5.0,3.0,,,
p.Gln129Arg,4.0,,,,
p.Pro127Thr,4.0,,,4.0,
p.Thr126Ile,,,,,1.0
p.Ile126Ser,,,8.0,,
p.Ile126Thr,,,22.0,,
p.Thr126Ala,,2.0,,,
p.Lys122Arg,5.0,2.0,,,
p.Pro120Ser,,,,6.0,
p.Pro120Thr,,,,5.0,
p.Leu109Gln,,,,5.0,
p.Met103Ile,,,,,1.0
p.Gln101Leu,,,,,1.0
p.Gln101Lys,,,6.0,,
p.Tyr100Cys,,,6.0,,
p.Leu77Arg,,,5.0,,1.0
p.Pro70Ser,,,,,1.0
p.Trp36Leu,5.0,,,,
p.Arg24Lys,,,7.0,,
p.Leu13Arg,,,,,1.0
p.Ala5Ser,,3.0,,,
p.Glu2Asp,7.0,3.0,,8.0,
